federal_provider_number,provider_name,provider_address,provider_city,provider_state,provider_zip_code,provider_phone_number,provider_ssa_county_code,provider_county_name,ownership_type,number_of_certified_beds,average_number_of_residents_per_day,average_number_of_residents_per_day_footnote,provider_type,provider_resides_in_hospital,legal_business_name,date_first_approved_to_provide_medicare_and_medicaid_services,continuing_care_retirement_community,special_focus_status,abuse_icon,most_recent_health_inspection_more_than_2_years_ago,provider_changed_ownership_in_last_12_months,with_a_resident_and_family_council,automatic_sprinkler_systems_in_all_required_areas,overall_rating,overall_rating_footnote,health_inspection_rating,health_inspection_rating_footnote,qm_rating,qm_rating_footnote,longstay_qm_rating,longstay_qm_rating_footnote,shortstay_qm_rating,shortstay_qm_rating_footnote,staffing_rating,staffing_rating_footnote,rn_staffing_rating,rn_staffing_rating_footnote,reported_staffing_footnote,physical_therapist_staffing_footnote,reported_nurse_aide_staffing_hours_per_resident_per_day,reported_lpn_staffing_hours_per_resident_per_day,reported_rn_staffing_hours_per_resident_per_day,reported_licensed_staffing_hours_per_resident_per_day,reported_total_nurse_staffing_hours_per_resident_per_day,total_number_of_nurse_staff_hours_per_resident_per_day_on_t_5932,registered_nurse_hours_per_resident_per_day_on_the_weekend,reported_physical_therapist_staffing_hours_per_resident_per_day,total_nursing_staff_turnover,total_nursing_staff_turnover_footnote,registered_nurse_turnover,registered_nurse_turnover_footnote,number_of_administrators_who_have_left_the_nursing_home,administrator_turnover_footnote,casemix_nurse_aide_staffing_hours_per_resident_per_day,casemix_lpn_staffing_hours_per_resident_per_day,casemix_rn_staffing_hours_per_resident_per_day,casemix_total_nurse_staffing_hours_per_resident_per_day,adjusted_nurse_aide_staffing_hours_per_resident_per_day,adjusted_lpn_staffing_hours_per_resident_per_day,adjusted_rn_staffing_hours_per_resident_per_day,adjusted_total_nurse_staffing_hours_per_resident_per_day,rating_cycle_1_standard_survey_health_date,rating_cycle_1_total_number_of_health_deficiencies,rating_cycle_1_number_of_standard_health_deficiencies,rating_cycle_1_number_of_complaint_health_deficiencies,rating_cycle_1_health_deficiency_score,rating_cycle_1_number_of_health_revisits,rating_cycle_1_health_revisit_score,rating_cycle_1_total_health_score,rating_cycle_2_standard_health_survey_date,rating_cycle_2_total_number_of_health_deficiencies,rating_cycle_2_number_of_standard_health_deficiencies,rating_cycle_2_number_of_complaint_health_deficiencies,rating_cycle_2_health_deficiency_score,rating_cycle_2_number_of_health_revisits,rating_cycle_2_health_revisit_score,rating_cycle_2_total_health_score,rating_cycle_3_standard_health_survey_date,rating_cycle_3_total_number_of_health_deficiencies,rating_cycle_3_number_of_standard_health_deficiencies,rating_cycle_3_number_of_complaint_health_deficiencies,rating_cycle_3_health_deficiency_score,rating_cycle_3_number_of_health_revisits,rating_cycle_3_health_revisit_score,rating_cycle_3_total_health_score,total_weighted_health_survey_score,number_of_facility_reported_incidents,number_of_substantiated_complaints,number_of_citations_from_infection_control_inspections,number_of_fines,total_amount_of_fines_in_dollars,number_of_payment_denials,total_number_of_penalties,location,processing_date
335022,SANDS POINT CENTER FOR HEALTH AND REHABILITATION,1440 PORT WASHINGTON BLVD,PORT WASHINGTON,NY,11050,5167199400,400,Nassau,For profit - Corporation,180,165.9,,Medicare and Medicaid,N,AGMA INC.,1971-07-01,N,,N,Y,N,Both,Yes,3,,2,,5,,5,,5,,2,,3,,,,2.07817,0.39319,0.65067,1.04386,3.12203,2.78614,0.41815,0.08818,31.6,,51.5,,0,,2.35048,0.77401,0.39937,3.52385,1.81005,0.37367,0.61016,2.79727,2019-11-22,8,8,0,20,1,0,20,2018-07-26,6,6,0,28,1,0,28,2017-03-21,9,8,1,40,1,0,40,26.000,1,0,0,0,0.00,0,0,"1440 PORT WASHINGTON BLVD,PORT WASHINGTON,NY,11050",2022-01-01
335132,PARKER JEWISH INSTITUTE FOR HEALTH CARE & REHAB,271-11 76TH AVE,NEW HYDE PARK,NY,11040,7182892100,590,Queens,Non profit - Corporation,527,381.4,,Medicare and Medicaid,N,PARKER JEWISH INSTITUTE FOR HEALTH CARE AND REHABILITATION,1972-03-14,N,,N,N,N,Both,Yes,5,,4,,5,,5,,5,,3,,4,,,,2.35456,0.28202,1.04558,1.32760,3.68216,3.24962,0.80191,0.10555,34.6,,37.3,,20,,2.13409,0.83751,0.45238,3.42397,2.25873,0.24769,0.86559,3.39538,2021-08-18,2,2,0,8,1,0,8,2019-03-05,3,1,2,12,1,0,12,2017-07-10,3,2,1,16,1,0,16,10.667,1,1,0,0,0.00,0,0,"271-11 76TH AVE,NEW HYDE PARK,NY,11040",2022-01-01
335250,HIGHFIELD GARDENS CARE CENTER OF GREAT NECK,199 COMMUNITY DRIVE,GREAT NECK,NY,11021,5163659229,400,Nassau,For profit - Corporation,200,184.6,,Medicare and Medicaid,N,WEDGEWOOD CARE CENTER INC,1977-06-01,N,,N,N,N,Both,Yes,4,,3,,5,,5,,4,,2,,2,,,,2.04810,0.47420,0.62981,1.10401,3.15211,2.43248,0.26810,0.06084,41.3,,30.0,,0,,2.40168,1.23306,0.61626,4.25100,1.74583,0.28288,0.38274,2.34113,2020-09-15,2,0,0,8,1,0,8,2019-01-04,8,8,0,32,1,0,32,2017-07-03,11,10,1,48,1,0,48,22.667,0,1,4,0,0.00,0,0,"199 COMMUNITY DRIVE,GREAT NECK,NY,11021",2022-01-01
335483,THE GRAND REHABILITATION AND NURSING AT GREAT NECK,15 ST PAULS PLACE,GREAT NECK,NY,11021,5164663001,400,Nassau,For profit - Partnership,214,142.5,,Medicare and Medicaid,N,GRAND GREAT NECK LLC,1976-04-01,N,,N,Y,N,Both,Yes,3,,3,,4,,4,,3,,2,,2,,,,1.88190,0.70215,0.59170,1.29385,3.17575,2.67060,0.33061,0.10321,40.4,,45.8,,1,,2.06932,0.81555,0.44901,3.33387,1.86181,0.63329,0.49351,3.00755,2019-10-18,4,4,0,12,1,0,12,2018-06-26,6,6,0,28,1,0,28,2017-03-09,7,7,0,20,1,0,20,18.667,0,0,0,1,650.00,0,1,"15 ST PAULS PLACE,GREAT NECK,NY,11021",2022-01-01
335702,NORTHWELL HEALTH STERN FAMILY CENTER FOR REHAB,300 COMMUNITY DRIVE,MANHASSET,NY,11030,5165628008,400,Nassau,Non profit - Corporation,256,192.7,,Medicare and Medicaid,N,NORTHWELL HEALTH STERN FAMILY CENTER FOR REHABILITATION,1989-04-01,N,,N,N,N,Resident,Yes,5,,4,,5,,5,,5,,5,,5,,,,3.44281,0.83574,1.62860,2.46434,5.90715,5.49475,1.39343,0.45965,28.4,,38.1,,0,,2.16657,0.82863,0.43218,3.42738,3.25317,0.74187,1.41126,5.44166,2021-09-29,3,2,0,12,1,0,12,2019-04-22,4,4,0,16,1,0,16,2017-09-29,0,0,0,0,0,0,0,11.333,0,0,1,0,0.00,0,0,"300 COMMUNITY DRIVE,MANHASSET,NY,11030",2022-01-01
335817,GARDEN CARE CENTER,135 FRANKLIN AVENUE,FRANKLIN SQUARE,NY,11010,5167752100,400,Nassau,For profit - Corporation,150,98.7,,Medicare and Medicaid,N,GARDEN CARE CENTER INC.,1999-08-12,N,,N,N,N,Resident,Yes,4,,4,,4,,4,,4,,2,,2,,,,2.28632,0.67939,0.48634,1.16573,3.45205,3.01348,0.24463,0.21775,26.3,,40.0,,1,,2.25132,1.03287,0.53479,3.81897,2.07906,0.48384,0.34057,2.85395,2020-11-20,2,1,1,8,1,0,8,2019-03-11,6,4,2,20,1,0,20,2017-08-02,5,5,0,20,1,0,20,14.000,2,2,2,0,0.00,0,0,"135 FRANKLIN AVENUE,FRANKLIN SQUARE,NY,11010",2022-01-01
335861,THE AMSTERDAM AT HARBORSIDE,300 EAST OVERLOOK,PORT WASHINGTON,NY,11050,5164726610,400,Nassau,Non profit - Corporation,56,42.0,,Medicare and Medicaid,N,"AMSTERDAM HOUSE CONTINUING CARE RETIREMENT COMMUNITY, INC.",2011-03-08,Y,,N,N,N,Both,Yes,5,,4,,4,,4,,4,,5,,5,,,,2.79152,1.64828,1.20299,2.85127,5.64278,4.62170,0.93756,0.14640,53.3,,53.3,,2,,2.13369,0.73663,0.37970,3.25003,2.67840,1.64590,1.18651,5.48179,2021-07-30,4,4,0,16,1,0,16,2019-12-31,5,5,0,12,1,0,12,2018-07-17,2,2,0,8,1,0,8,13.333,0,0,0,0,0.00,0,0,"300 EAST OVERLOOK,PORT WASHINGTON,NY,11050",2022-01-01
335023,A HOLLY PATTERSON EXTENDED CARE FACILITY,875 JERUSALEM AVENUE,UNIONDALE,NY,11553,5165721400,400,Nassau,Government - State,589,451.5,,Medicare and Medicaid,Y,NASSAU HEALTH CARE CORPORATION,1967-01-01,N,,N,Y,N,Both,Partial,5,,5,,5,,5,,4,,3,,4,,,,1.88291,0.46553,0.75411,1.21964,3.10255,2.52569,0.43308,0.03100,24.7,,24.7,,,6,1.91151,0.69347,0.37767,2.98266,2.01659,0.49379,0.74778,3.28421,2019-10-17,1,1,0,4,1,0,4,2018-06-06,2,2,0,4,1,0,4,2017-02-17,2,2,0,8,1,0,8,4.667,0,0,0,5,6527.92,0,5,"875 JERUSALEM AVENUE,UNIONDALE,NY,11553",2022-01-01
335024,BEACH TERRACE CARE CENTER,640 WEST BROADWAY,LONG BEACH,NY,11561,5164314400,400,Nassau,For profit - Corporation,182,142.8,,Medicare and Medicaid,N,BEACH TERRACE CARE CENTER INC,1967-01-01,N,,N,N,N,Resident,Yes,5,,4,,5,,5,,5,,2,,2,,,,1.79788,0.59860,0.53025,1.12885,2.92674,2.48671,0.33180,0.12344,21.7,,16.7,,0,,1.96006,0.84676,0.45655,3.26336,1.87784,0.52000,0.43496,2.83162,2020-03-06,2,2,0,8,1,0,8,2019-05-22,3,3,0,12,1,0,12,2017-11-17,1,1,0,4,1,0,4,8.667,0,0,0,2,1637.71,0,2,"640 WEST BROADWAY,LONG BEACH,NY,11561",2022-01-01
335141,EMERGE NURSING AND REHABILITATION AT GLEN COVE,2 MEDICAL PLAZA,GLEN COVE,NY,11542,5166710858,400,Nassau,For profit - Individual,102,73.4,,Medicare and Medicaid,N,MONTCLAIR CARE CENTER INC,1967-01-01,N,,N,N,N,Resident,Yes,4,,3,,4,,5,,3,,4,,4,,,,2.57640,1.21639,0.98465,2.20104,4.77744,4.13455,0.58067,0.19637,35.4,,48.0,,1,,2.18748,0.93403,0.47098,3.59250,2.41121,0.95793,0.78295,4.19870,2021-08-19,4,3,0,16,1,0,16,2019-04-18,5,3,2,20,1,0,20,2017-09-29,2,2,0,8,1,0,8,16.000,0,2,1,0,0.00,0,0,"2 MEDICAL PLAZA,GLEN COVE,NY,11542",2022-01-01
335156,SOUTH SHORE REHABILITATION AND NURSING CENTER,275 W MERRICK ROAD,FREEPORT,NY,11520,5166234000,400,Nassau,For profit - Limited Liability company,100,96.0,,Medicare and Medicaid,N,SOUTH SHORE REHABILITATION LLC,1979-09-18,N,,N,Y,N,Both,Yes,3,,2,,5,,5,,5,,2,,2,,,,2.29299,0.70532,0.76867,1.47398,3.76698,3.35326,0.46893,0.19161,32.5,,40.0,,0,,2.34201,1.04648,0.70523,4.09373,2.00438,0.49577,0.40819,2.90529,2019-12-17,9,7,0,36,1,0,36,2018-09-17,4,4,0,16,1,0,16,2017-04-14,5,1,4,24,1,0,24,27.333,1,4,2,6,8780.08,0,6,"275 W MERRICK ROAD,FREEPORT,NY,11520",2022-01-01
335158,OCEANSIDE CARE CENTER INC,2914 LINCOLN AVENUE,OCEANSIDE,NY,11572,5165362300,400,Nassau,For profit - Corporation,100,91.3,,Medicare and Medicaid,N,OCEANSIDE CARE CENTER INC,1968-04-01,N,,N,N,N,Both,Yes,2,,3,,3,,4,,3,,1,12,1,12,,,1.67275,0.51480,0.45396,0.96876,2.64151,1.98593,0.07036,0.07528,14.0,,10.0,,,6,2.35662,0.94042,0.50632,3.80337,1.45314,0.40266,0.33577,2.19281,2020-09-23,2,2,0,8,1,0,8,2019-04-09,4,2,2,36,1,0,36,2017-09-22,1,1,0,4,1,0,4,16.667,1,1,1,1,10825.00,0,1,"2914 LINCOLN AVENUE,OCEANSIDE,NY,11572",2022-01-01
335160,LYNBROOK RESTORATIVE THERAPY AND NURSING,243 ATLANTIC AVENUE,LYNBROOK,NY,11563,5165992744,400,Nassau,For profit - Limited Liability company,100,87.9,,Medicare and Medicaid,N,EAST ROCKAWAY CENTER LLC,1968-12-01,N,,N,N,N,Resident,Yes,4,,3,,5,,5,,5,,2,,2,,,,1.99447,0.73974,0.72820,1.46794,3.46241,2.82436,0.32523,0.31275,37.2,,62.5,,0,,2.20514,1.00373,0.54427,3.75313,1.85164,0.54211,0.50106,2.91273,2021-06-02,3,3,1,12,1,0,12,2019-07-12,2,1,1,54,1,0,54,2017-12-19,1,1,0,4,1,0,4,24.667,0,2,1,1,12765.00,0,1,"243 ATLANTIC AVENUE,LYNBROOK,NY,11563",2022-01-01
335162,THE GRAND REHABILITATION AND NURSING AT SOUTH POIN,ONE LONG BEACH ROAD,ISLAND PARK,NY,11558,5164320300,400,Nassau,For profit - Limited Liability company,185,154.3,,Medicare and Medicaid,N,GRAND SOUTH POINT LLC,1967-01-01,N,,N,N,N,Resident,Yes,5,,4,,5,,5,,4,,3,,3,,,,2.03989,0.52773,0.73536,1.26309,3.30299,3.00791,0.50162,0.12660,,6,,6,,6,2.04497,0.83342,0.44003,3.31842,2.04215,0.46577,0.62586,3.14261,2021-08-11,1,1,0,4,1,0,4,2019-03-29,9,6,2,32,1,0,32,2017-09-14,2,1,1,8,1,0,8,14.000,2,0,1,1,650.00,0,1,"ONE LONG BEACH ROAD,ISLAND PARK,NY,11558",2022-01-01
335211,GLENGARIFF HEALTH CARE CENTER,141 DOSORIS LANE,GLEN COVE,NY,11542,5166761100,400,Nassau,For profit - Corporation,262,190.4,,Medicare and Medicaid,N,GLENGARIFF OPERATING LLC,1971-06-16,N,,N,Y,N,Both,Yes,3,,2,,5,,5,,5,,2,,2,,,,2.20308,0.89376,0.64959,1.54335,3.74643,3.37119,0.38895,0.08597,29.9,,40.0,,1,,2.14220,0.89651,0.48112,3.51983,2.10541,0.73331,0.50564,3.36056,2019-12-11,4,3,0,20,1,0,20,2018-09-06,8,8,0,32,1,0,32,2017-04-24,7,5,2,32,1,0,32,26.000,0,2,1,0,0.00,0,0,"141 DOSORIS LANE,GLEN COVE,NY,11542",2022-01-01
335279,MAYFAIR CARE CENTER,100 BALDWIN ROAD,HEMPSTEAD,NY,11550,5165387171,400,Nassau,For profit - Corporation,200,123.2,,Medicare and Medicaid,N,"MAYFAIR CARE CENTER, INC.",1969-01-14,N,,N,N,N,Resident,Yes,4,,3,,5,,5,,3,,2,,2,,,,2.01732,0.77290,0.43161,1.20451,3.22183,2.93412,0.28595,0.07549,32.4,,21.4,,5,,1.90961,0.78826,0.42307,3.12094,2.16269,0.72124,0.38206,3.25936,2020-10-02,3,3,0,16,1,0,16,2019-03-29,4,4,0,16,1,0,16,2017-11-20,8,6,2,36,1,0,36,19.333,3,0,0,1,650.00,0,1,"100 BALDWIN ROAD,HEMPSTEAD,NY,11550",2022-01-01
335297,THE GRAND PAVILION FOR RHB & NRSG AT ROCKVILLE CTR,41 MAINE AVENUE,ROCKVILLE CENTRE,NY,11570,5165367730,400,Nassau,For profit - Limited Liability company,158,150.8,,Medicare and Medicaid,N,ROCKVILLE OPERATING LLC,1970-06-22,N,,N,N,N,Resident,Yes,5,,4,,5,,5,,5,,2,,2,,,,2.16067,0.81290,0.47647,1.28937,3.45004,3.09923,0.30239,0.20528,38.5,,52.6,,0,,2.33373,0.87004,0.47907,3.68283,1.89542,0.68726,0.37247,2.95773,2021-06-11,3,3,0,12,1,0,12,2019-02-26,1,1,0,4,1,0,4,2017-09-05,2,2,0,8,1,0,8,8.667,0,0,0,0,0.00,0,0,"41 MAINE AVENUE,ROCKVILLE CENTRE,NY,11570",2022-01-01
335432,LONG BEACH NURSING AND REHABILITATION CENTER,375 EAST BAY DRIVE,LONG BEACH,NY,11561,5168971220,400,Nassau,For profit - Limited Liability company,200,123.7,,Medicare and Medicaid,N,MLAP ACQUISITION I LLC,1974-11-11,N,,N,N,N,Both,Yes,3,,2,,5,,5,,4,,3,,4,,,,1.71820,0.25569,1.08682,1.34251,3.06070,2.61986,0.85421,0.11772,51.0,,64.3,,5,,2.13653,0.87739,0.45768,3.47161,1.64638,0.21436,0.88930,2.78360,2021-07-13,10,10,4,48,1,0,48,2019-03-19,6,5,1,24,1,0,24,2017-09-22,8,4,4,32,1,0,32,37.333,0,7,1,0,0.00,0,0,"375 EAST BAY DRIVE,LONG BEACH,NY,11561",2022-01-01
335498,GRANDELL REHABILITATION AND NURSING CENTER,645 W BROADWAY,LONG BEACH,NY,11561,5168891100,400,Nassau,For profit - Corporation,278,206.9,,Medicare and Medicaid,N,GRANDELL REHAB & NURSING CTR INC,1976-05-01,N,,N,Y,N,Both,Yes,4,,4,,3,,5,,2,,2,,1,,,,2.67411,0.99243,0.31561,1.30804,3.98215,3.49269,0.15525,0.07780,26.8,,37.5,,1,,2.06455,0.83552,0.46563,3.36570,2.65168,0.87371,0.25384,3.73558,2019-07-24,3,3,0,4,1,0,4,2018-03-15,4,4,0,16,1,0,16,2016-12-15,0,0,0,0,0,0,0,7.333,0,0,0,0,0.00,0,0,"645 W BROADWAY,LONG BEACH,NY,11561",2022-01-01
335559,SUNHARBOR MANOR,255 WARNER AVENUE,ROSLYN HEIGHTS,NY,11577,5166215400,400,Nassau,For profit - Limited Liability company,266,217.1,,Medicare and Medicaid,N,SUNHARBOR ACQUISITION I  LLC,1975-07-15,N,,N,Y,N,Both,Yes,3,,3,,5,,5,,5,,1,12,1,12,6,6,,,,,,,,,,6,,6,,6,,,,,,,,,2019-11-05,9,9,0,28,1,0,28,2018-07-06,1,1,0,4,1,0,4,2017-02-28,8,7,1,32,1,0,32,20.667,3,0,0,0,0.00,0,0,"255 WARNER AVENUE,ROSLYN HEIGHTS,NY,11577",2022-01-01
335700,NORTH SHORE - L I J ORZAC CTR FOR REHABILITATION,900 FRANKLIN AVENUE,VALLEY STREAM,NY,11580,5162566700,400,Nassau,Non profit - Corporation,120,89.6,,Medicare and Medicaid,Y,LONG ISLAND JEWISH MEDICAL CENTER,1989-01-13,N,,N,Y,N,Resident,Yes,5,,3,,5,,5,,5,,5,,5,,,,3.11066,0.81096,2.70439,3.51535,6.62602,5.83920,2.23144,0.50044,36.0,,40.3,,1,,2.25540,0.86748,0.50152,3.62439,2.82356,0.68765,2.01947,5.77209,2019-09-03,9,9,0,36,1,0,36,2018-05-25,2,1,0,8,1,0,8,2017-02-08,2,2,0,8,1,0,8,22.000,0,0,1,0,0.00,0,0,"900 FRANKLIN AVENUE,VALLEY STREAM,NY,11580",2022-01-01
335716,GLEN COVE CENTER FOR NURSING AND REHABILITATION,6 MEDICAL PLAZA,GLEN COVE,NY,11542,5166568000,400,Nassau,For profit - Corporation,154,132.3,,Medicare and Medicaid,N,FOREST MANOR CARE CENTER INC,1992-03-04,N,,N,Y,N,Both,Yes,5,,4,,5,,5,,5,,3,,3,,,,2.26681,0.79208,0.71916,1.51124,3.77804,3.23155,0.21591,0.21859,19.1,,19.2,,0,,2.21932,0.93648,0.50478,3.66058,2.09103,0.62215,0.53356,3.25861,2019-12-20,2,2,0,8,1,0,8,2018-09-14,7,7,0,24,1,0,24,2017-05-12,1,1,0,4,1,0,4,12.667,0,0,0,0,0.00,0,0,"6 MEDICAL PLAZA,GLEN COVE,NY,11542",2022-01-01
335718,THE FIVE TOWNS PREMIER REHAB & NURSING CENTER,1050 CENTRAL AVENUE,WOODMERE,NY,11598,5163749300,400,Nassau,For profit - Corporation,336,265.9,,Medicare and Medicaid,N,WOODMERE REHABILITATION AND HEALTH CARE CENTER INC,1991-12-11,N,,N,N,N,Both,Yes,3,,2,,5,,5,,5,,2,,2,,,,2.54802,0.54340,0.84767,1.39106,3.93909,3.58508,0.63829,0.15779,34.3,,43.5,,0,,2.37207,1.02755,0.70587,4.10550,2.19909,0.38899,0.44973,3.02932,2020-11-09,3,2,0,12,1,0,12,2019-02-15,4,4,0,16,1,0,16,2017-09-05,8,3,5,153,1,0,153,36.833,9,2,1,2,42571.75,0,2,"1050 CENTRAL AVENUE,WOODMERE,NY,11598",2022-01-01
335747,"ROCKVILLE SKILLED NURSING & REHAB CENTER, L L C",50 MAINE AVENUE,ROCKVILLE CENTRE,NY,11570,5165368000,400,Nassau,For profit - Corporation,66,56.8,,Medicare and Medicaid,N,ROCKVILLE SKILLED NURSING & REHABILITATION CENTER LLC,1991-08-07,N,,N,Y,N,Resident,Yes,4,,4,,2,,2,,3,,2,,2,,,,2.21325,1.15455,0.49854,1.65309,3.86634,3.59745,0.31993,0.26182,21.7,,40.0,,0,,2.30826,0.90814,0.53709,3.75349,1.96296,0.93516,0.34762,3.25223,2019-07-02,0,0,0,0,0,0,0,2017-12-05,5,5,0,20,1,0,20,2016-10-14,1,1,0,8,1,0,8,8.000,0,0,0,0,0.00,0,0,"50 MAINE AVENUE,ROCKVILLE CENTRE,NY,11570",2022-01-01
335787,NASSAU REHABILITATION & NURSING CENTER,ONE GREENWICH STREET,HEMPSTEAD,NY,11550,5165654800,400,Nassau,For profit - Corporation,280,242.6,,Medicare and Medicaid,N,NASSAU OPERATING COMPANY LLC,1995-08-10,N,,N,Y,N,Resident,Yes,3,,3,,5,,5,,5,,1,,1,,,,2.38699,0.81003,0.31123,1.12126,3.50824,3.06267,0.11858,0.13272,29.6,,34.8,,0,,2.12276,1.03758,0.58424,3.74458,2.30205,0.57425,0.19950,2.95803,2019-06-24,6,6,0,20,1,0,20,2018-01-23,9,9,0,36,1,0,36,2016-11-10,1,1,0,4,1,0,4,22.667,0,0,0,0,0.00,0,0,"ONE GREENWICH STREET,HEMPSTEAD,NY,11550",2022-01-01
335796,MEADOWBROOK CARE CENTER,320 WEST MERRICK ROAD,FREEPORT,NY,11520,5163778200,400,Nassau,For profit - Corporation,280,266.6,,Medicare and Medicaid,N,"MEADOWBROOK CARE CENTER, INC.",1996-07-02,N,,N,N,N,Resident,Yes,4,,3,,5,,5,,5,,2,,2,,,,2.67954,0.67731,0.70301,1.38032,4.05986,3.47348,0.37722,0.08576,,6,,6,,6,2.26961,0.92368,0.56029,3.75358,2.41700,0.53937,0.46989,3.41492,2020-01-06,6,5,0,24,1,0,24,2018-09-27,3,3,0,12,1,0,12,2017-05-03,4,3,1,16,1,0,16,18.667,0,1,1,0,0.00,0,0,"320 WEST MERRICK ROAD,FREEPORT,NY,11520",2022-01-01
335798,TOWNHOUSE CENTER FOR REHABILITATION & NURSING,755 HEMPSTEAD TURNPIKE,UNIONDALE,NY,11553,5165651900,400,Nassau,For profit - Corporation,280,245.0,,Medicare and Medicaid,N,TOWNHOUSE OPERATING COMPANY LLC,1996-10-03,Y,,N,N,N,None,Yes,4,,4,,5,,5,,3,,1,,1,,,,2.46366,0.70043,0.54278,1.24321,3.70686,3.34900,0.36948,0.04439,29.0,,52.9,,0,,2.22422,0.95072,0.71147,3.88642,2.26761,0.54192,0.28571,3.01143,2020-10-28,2,1,0,8,1,0,8,2019-02-01,3,2,1,12,1,0,12,2017-08-25,4,2,2,32,1,0,32,13.333,1,2,2,1,52068.25,0,1,"755 HEMPSTEAD TURNPIKE,UNIONDALE,NY,11553",2022-01-01
335808,HEMPSTEAD PARK NURSING HOME,800 FRONT STREET,HEMPSTEAD,NY,11550,5167059700,400,Nassau,For profit - Corporation,251,206.2,,Medicare and Medicaid,N,SUNSHINE CARE CORP,1998-09-30,Y,,N,Y,N,Family,Yes,1,,2,,4,,5,,2,,1,,1,,,,1.93195,0.70904,0.31424,1.02328,2.95523,2.58867,0.20629,0.00751,30.3,,47.6,,0,,1.85481,0.80022,0.44543,3.10047,2.13237,0.65176,0.26420,3.00940,2019-05-10,10,4,6,40,1,0,40,2018-03-26,3,3,0,12,1,0,12,2016-12-22,10,9,1,40,1,0,40,30.667,6,1,0,0,0.00,0,0,"800 FRONT STREET,HEMPSTEAD,NY,11550",2022-01-01
335819,PARK AVENUE EXTENDED CARE FACILITY,425 NATIONAL BOULEVARD,LONG BEACH,NY,11561,5164312600,400,Nassau,For profit - Individual,240,196.3,,Medicare and Medicaid,N,PARK AVENUE OPERATING COMPANY LLC,1999-10-14,N,,N,N,N,Both,Yes,3,,3,,5,,5,,5,,1,,1,,,,2.25392,0.75619,0.33349,1.08968,3.34360,2.97349,0.17182,0.14071,34.7,,71.4,,0,,2.07923,0.85866,0.48600,3.42389,2.21923,0.64779,0.25698,3.08326,2020-02-19,5,5,0,16,1,0,16,2018-12-12,5,4,1,24,1,0,24,2017-06-29,4,2,2,16,1,0,16,18.667,0,3,1,0,0.00,0,0,"425 NATIONAL BOULEVARD,LONG BEACH,NY,11561",2022-01-01
335831,FULTON COMMONS CARE CENTER INC,60 MERRICK AVENUE,EAST MEADOW,NY,11554,5162229300,400,Nassau,For profit - Corporation,280,209.5,,Medicare and Medicaid,N,"FULTON COMMONS CARE CENTER, INC.",2001-11-14,N,,N,N,N,Resident,Yes,5,,4,,5,,5,,5,,2,,2,,,,2.34182,0.71100,0.49619,1.20719,3.54901,3.18203,0.34724,0.12036,18.0,,15.0,,3,,2.25261,0.79967,0.41006,3.46234,2.12831,0.65401,0.45316,3.23634,2020-10-20,1,0,1,4,0,0,4,2019-01-04,4,3,1,16,1,0,16,2017-07-19,3,2,1,12,1,0,12,9.333,1,2,1,0,0.00,0,0,"60 MERRICK AVENUE,EAST MEADOW,NY,11554",2022-01-01
335871,MOUNT SINAI SOUTH NASSAU T C U,1 HEALTHY WAY,OCEANSIDE,NY,11572,5166323500,400,Nassau,Non profit - Corporation,20,20.4,,Medicare,Y,SOUTH NASSAU COMMUNITIES HOSPITAL,2014-11-18,N,,N,N,N,None,Yes,4,,4,,5,,,2,5,,1,12,1,12,,,1.65601,0.00000,1.82774,1.82774,3.48374,3.00890,1.34831,0.33289,100.0,,100.0,,1,,2.23043,0.91991,0.57134,3.72168,1.51999,0.00000,1.19804,2.95545,2020-02-06,0,0,0,0,0,0,0,2019-04-26,5,5,0,32,1,0,32,2017-10-31,0,0,0,0,0,0,0,10.667,0,0,0,1,650.00,0,1,"1 HEALTHY WAY,OCEANSIDE,NY,11572",2022-01-01
335040,HILAIRE REHAB & NURSING,9 HILAIRE DRIVE,HUNTINGTON,NY,11743,6314270254,700,Suffolk,For profit - Corporation,76,72.5,,Medicare and Medicaid,N,"HILAIRE FARM SKILLED LIVING & REHABILITATION CENTER, LLC",1967-01-01,N,,N,Y,N,Both,Yes,2,,1,,5,,5,,5,,2,,3,,,,2.04835,0.26293,1.06476,1.32770,3.37605,2.83221,0.76300,0.11798,41.3,,52.9,,2,,2.09313,0.98213,0.58878,3.66405,2.00343,0.19692,0.67726,2.90913,2019-11-15,8,8,0,52,1,0,52,2018-08-15,12,12,0,84,2,42,126,2017-05-24,4,4,0,16,1,0,16,70.667,0,0,0,0,0.00,0,0,"9 HILAIRE DRIVE,HUNTINGTON,NY,11743",2022-01-01
335067,APEX REHABILITATION & CARE CENTER,78 BIRCHWOOD DR,HUNTINGTON STATION,NY,11746,6314233200,700,Suffolk,For profit - Corporation,195,197.3,,Medicare and Medicaid,N,S AND L BIRCHWOOD LLC,1967-01-01,N,,N,Y,N,Resident,Yes,4,,4,,4,,4,,4,,2,,3,,,,1.84877,0.34585,0.73377,1.07962,2.92839,2.52739,0.59267,0.02866,35.1,,50.0,,1,,2.03335,0.83197,0.45327,3.31859,1.86138,0.30578,0.60625,2.78606,2019-08-14,1,1,0,4,1,0,4,2018-02-06,3,3,0,12,1,0,12,2016-12-02,7,6,1,36,1,0,36,12.000,3,0,0,0,0.00,0,0,"78 BIRCHWOOD DR,HUNTINGTON STATION,NY,11746",2022-01-01
335074,"PARKVIEW CARE AND REHABILITATION CENTER, INC",5353 MERRICK ROAD,MASSAPEQUA,NY,11758,5167981800,400,Nassau,For profit - Limited Liability company,169,141.6,,Medicare and Medicaid,N,PARKVIEW CARE AND REHABILITATION CENTER INC,1971-01-01,N,,N,Y,N,Resident,Yes,3,,3,,5,,5,,4,,1,,1,,,,1.86492,0.70836,0.33821,1.04657,2.91149,2.70651,0.17438,0.05225,35.6,,25.0,,0,,2.06530,0.89405,0.50781,3.46716,1.84860,0.58279,0.24943,2.65129,2019-05-30,3,3,0,12,1,0,12,2017-11-20,2,2,0,8,1,0,8,2016-09-29,16,13,3,80,1,0,80,22.000,5,1,0,1,11030.00,0,1,"5353 MERRICK ROAD,MASSAPEQUA,NY,11758",2022-01-01
335083,BERKSHIRE NURSING & REHABILITATION CENTER,10 BERKSHIRE ROAD,WEST BABYLON,NY,11704,6315870600,700,Suffolk,For profit - Limited Liability company,175,153.2,,Medicare and Medicaid,N,BERKSHIRE NURSING HOME LLC,1970-08-01,N,,N,N,N,Resident,Yes,3,,3,,2,,2,,1,,2,,2,,,,1.80705,0.72882,0.46756,1.19638,3.00343,2.74380,0.36749,0.11064,33.6,,54.2,,0,,2.25333,0.98710,0.52795,3.76838,1.64176,0.54311,0.33166,2.51640,2020-09-24,3,3,0,12,1,0,12,2019-01-25,6,6,0,20,1,0,20,2017-08-10,4,3,1,20,1,0,20,16.000,1,0,0,0,0.00,0,0,"10 BERKSHIRE ROAD,WEST BABYLON,NY,11704",2022-01-01
335140,BELAIR CARE CENTER INC,2478 JERUSALEM AVE,BELLMORE,NY,11710,5168261160,400,Nassau,For profit - Corporation,102,97.1,,Medicare and Medicaid,N,"BELAIR CARE CENTER, INC.",1967-01-01,N,,N,Y,N,Resident,Yes,5,,4,,5,,5,,5,,4,,5,,,,2.35088,0.90382,0.98984,1.89366,4.24454,3.77279,0.59813,0.20405,16.8,,15.4,,0,,2.33903,0.79803,0.32997,3.46703,2.05760,0.83308,1.12343,3.86535,2019-11-14,2,2,0,8,1,0,8,2018-08-06,8,6,0,24,1,0,24,2017-04-14,3,3,0,16,1,0,16,14.667,0,0,2,0,0.00,0,0,"2478 JERUSALEM AVE,BELLMORE,NY,11710",2022-01-01
335159,ROSS CENTER FOR NURSING AND REHABILITATION,839 SUFFOLK AVENUE,BRENTWOOD,NY,11717,6312734700,700,Suffolk,For profit - Corporation,135,112.9,,Medicare and Medicaid,N,ROSS ACQUISITION LLC,1974-01-01,N,,N,N,N,Both,Yes,2,,2,,5,,5,,4,,1,12,1,12,6,6,,,,,,,,,,6,,6,,6,,,,,,,,,2021-07-30,6,5,0,28,1,0,28,2019-09-27,5,4,0,20,1,0,20,2018-06-19,11,11,0,44,2,22,66,31.667,0,0,2,1,5000.00,0,1,"839 SUFFOLK AVENUE,BRENTWOOD,NY,11717",2022-01-01
335161,DALEVIEW CARE CENTER,574 FULTON STREET,EAST FARMINGDALE,NY,11735,5166949800,400,Nassau,For profit - Corporation,142,98.0,,Medicare and Medicaid,N,MMR CARE CORP,1972-01-01,N,,N,Y,N,Both,Yes,4,,3,,5,,4,,5,,2,,2,,,,2.54693,0.98527,0.60287,1.58814,4.13507,3.57646,0.27526,0.11920,47.4,,70.6,,1,,2.34097,0.89286,0.45553,3.68936,2.22734,0.81170,0.49563,3.53873,2019-07-03,4,4,0,16,1,0,16,2017-12-18,5,5,0,20,1,0,20,2016-11-21,2,2,0,4,1,0,4,15.333,0,0,0,10,21125.00,0,10,"574 FULTON STREET,EAST FARMINGDALE,NY,11735",2022-01-01
335175,BROOKSIDE MULTICARE NURSING CENTER,7 ROUTE 25A,SMITHTOWN,NY,11787,6317242200,700,Suffolk,For profit - Corporation,353,324.2,,Medicare and Medicaid,N,OPTIMA CARE SMITHTOWN LLC,1978-06-12,N,,N,N,N,Resident,Yes,3,,3,,4,,5,,4,,3,,3,,,,2.19585,0.72389,0.74668,1.47057,3.66643,3.12245,0.46656,0.07193,,6,,6,,6,2.09163,0.90935,0.52783,3.52881,2.14924,0.58555,0.52978,3.28043,2020-01-23,4,4,0,16,1,0,16,2018-11-09,6,4,1,20,1,0,20,2017-06-09,6,6,0,28,1,0,28,19.333,0,1,1,1,15000.00,0,1,"7 ROUTE 25A,SMITHTOWN,NY,11787",2022-01-01
335213,MASSAPEQUA CENTER REHABILITATION & NURSING,101 LOUDEN AVE,AMITYVILLE,NY,11701,6312640222,700,Suffolk,For profit - Limited Liability company,320,253.4,,Medicare and Medicaid,N,MASSAPEQUA CENTER LLC,1967-04-01,N,,N,N,N,Both,Yes,3,,2,,5,,5,,5,,2,,2,,,,2.50419,0.81860,0.43582,1.25442,3.75862,3.46437,0.29834,0.10070,29.4,,41.2,,0,,2.20628,0.86855,0.50039,3.57522,2.32367,0.69327,0.32618,3.31926,2021-05-04,8,7,1,32,1,0,32,2019-05-01,5,3,2,28,1,0,28,2017-11-02,5,2,3,36,1,0,36,31.333,4,5,1,1,7036.25,0,1,"101 LOUDEN AVE,AMITYVILLE,NY,11701",2022-01-01
335231,"EXCEL AT WOODBURY FOR REHAB AND NURSING, L L C",8533 JERICHO TPKE,WOODBURY,NY,11797,5166924100,400,Nassau,For profit - Corporation,123,102.3,,Medicare and Medicaid,N,EXCEL AT WOODBURY FOR REHABILITATION AND NURSING LLC,1968-04-19,N,,N,Y,N,Resident,Yes,5,,4,,5,,5,,5,,3,,3,,,,2.24186,0.87303,0.70397,1.57700,3.81886,3.25216,0.37190,0.26333,,6,,6,,6,2.14994,0.89401,0.49579,3.53974,2.13475,0.71832,0.53175,3.40626,2019-12-24,1,1,0,4,1,0,4,2018-09-06,2,2,0,8,1,0,8,2017-04-06,2,2,0,8,1,0,8,6.000,0,0,0,2,1625.00,0,2,"8533 JERICHO TPKE,WOODBURY,NY,11797",2022-01-01
335286,CARILLON NURSING AND REHABILITATION CENTER,830 PARK AVENUE,HUNTINGTON,NY,11743,6312715800,700,Suffolk,For profit - Limited Liability company,315,233.3,,Medicare and Medicaid,N,"CARILLON NURSING AND REHABILITATION CENTER, LLC",1969-05-07,N,,N,N,N,Both,Yes,5,,4,,5,,5,,5,,2,,3,,,,1.83042,0.53083,0.80438,1.33521,3.16563,2.74342,0.53223,0.10335,26.7,,28.0,,3,,2.22855,0.89341,0.51638,3.63834,1.68149,0.43705,0.58337,2.74709,2021-09-21,1,0,0,4,0,0,4,2019-05-21,4,4,0,16,1,0,16,2017-11-03,2,1,1,12,1,0,12,9.333,2,0,1,0,0.00,0,0,"830 PARK AVENUE,HUNTINGTON,NY,11743",2022-01-01
335301,ST JAMES REHABILITATION & HEALTHCARE CENTER,275 MORICHES ROAD,ST JAMES,NY,11780,6318628000,700,Suffolk,For profit - Partnership,230,229.4,,Medicare and Medicaid,N,ST JAMES OPERATING LLC,1970-01-29,N,,N,Y,N,Resident,Yes,4,,3,,5,,5,,4,,2,,2,,,,2.04678,0.81572,0.40268,1.21841,3.26519,2.60386,0.16232,0.11872,25.4,,38.5,,0,,2.21418,0.82642,0.45300,3.49361,1.89245,0.72604,0.33291,2.95087,2019-10-08,6,4,2,20,1,0,20,2018-05-11,5,5,0,20,1,0,20,2017-01-20,9,9,0,32,1,0,32,22.000,0,2,0,0,0.00,0,0,"275 MORICHES ROAD,ST JAMES,NY,11780",2022-01-01
335401,MOMENTUM AT SOUTH BAY FOR REHAB AND NURSING,340 EAST MONTAUK HIGHWAY,EAST ISLIP,NY,11730,6315816400,700,Suffolk,For profit - Limited Liability company,160,156.3,,Medicare and Medicaid,N,"SUFFOLK RESTORATIVE THERAPY & NURSING, LLC",1973-10-25,N,,N,N,N,Resident,Yes,5,,4,,5,,5,,5,,2,,2,,,,2.12869,0.92787,0.65755,1.58542,3.71411,2.83513,0.20725,0.15827,35.6,,44.1,,0,,2.29889,0.91653,0.50634,3.72176,1.89567,0.74467,0.48634,3.15081,2020-01-21,2,2,0,8,1,0,8,2018-09-26,4,4,0,20,1,0,20,2017-04-07,1,1,0,4,1,0,4,11.333,0,0,0,1,650.00,0,1,"340 EAST MONTAUK HIGHWAY,EAST ISLIP,NY,11730",2022-01-01
335410,WATERS EDGE AT PORT JEFFERSON FOR REHAB AND NRSG,150 DARK HOLLOW ROAD,PORT JEFFERSON,NY,11777,6314735400,700,Suffolk,For profit - Limited Liability company,120,106.2,,Medicare and Medicaid,N,PORT JEFFERSON OPERATING LLC,1974-12-01,N,,N,Y,N,Resident,Yes,4,,3,,5,,5,,5,,2,,2,,,,1.59210,0.99806,0.47262,1.47069,3.06279,2.61236,0.26809,0.10508,44.2,,52.6,,,6,2.00914,0.84868,0.46035,3.31817,1.62228,0.86504,0.38449,2.91430,2019-08-23,2,2,0,8,1,0,8,2018-04-27,5,5,0,24,1,0,24,2017-01-23,5,5,0,20,1,0,20,15.333,0,0,0,0,0.00,0,0,"150 DARK HOLLOW ROAD,PORT JEFFERSON,NY,11777",2022-01-01
335487,ST JOHNLAND NURSING CENTER INC,395 SUNKEN MEADOW ROAD,KINGS PARK,NY,11754,6312695800,700,Suffolk,Non profit - Corporation,250,208.4,,Medicare and Medicaid,N,"ST. JOHNLAND NURSING CENTER, INC.",1975-12-27,N,,N,N,N,Resident,Yes,1,,1,,4,,5,,4,,2,,2,,,,1.71741,0.76502,0.52601,1.29104,3.00845,2.66268,0.28759,0.08123,30.8,,38.9,,1,,2.25704,0.82587,0.42493,3.50783,1.55777,0.68138,0.46359,2.70782,2021-04-13,4,1,2,91,1,0,91,2019-07-25,4,3,1,87,1,0,87,2018-04-09,7,5,2,44,1,0,44,81.833,0,5,1,3,20289.75,0,3,"395 SUNKEN MEADOW ROAD,KINGS PARK,NY,11754",2022-01-01
335514,WOODHAVEN NURSING HOME,1360 ROUTE 112,PORT JEFFERSON STATI,NY,11776,6314737100,700,Suffolk,For profit - Corporation,143,110.5,,Medicare and Medicaid,N,VJJ HOLDING COMPANY LLC,1976-06-01,N,,N,Y,N,Both,Yes,2,,2,,3,,3,,3,,2,,2,,,,1.61440,0.85896,0.46517,1.32413,2.93853,2.56592,0.28837,0.12052,39.2,,70.6,,,6,2.35307,0.91763,0.50302,3.77372,1.40457,0.68854,0.34632,2.45854,2019-11-06,12,12,0,40,1,0,40,2018-07-17,4,3,0,16,1,0,16,2017-03-09,6,6,0,20,1,0,20,28.667,0,0,1,1,15000.00,0,1,"1360 ROUTE 112,PORT JEFFERSON STATI,NY,11776",2022-01-01
335539,OUR LADY OF CONSOLATION NURSING AND REHAB CARE CTR,111 BEACH DRIVE,WEST ISLIP,NY,11795,6315871600,700,Suffolk,Non profit - Corporation,450,259.7,,Medicare and Medicaid,N,OUR LADY OF CONSOLATION CARE CENTER,1975-06-12,N,,N,Y,N,Resident,Yes,4,,3,,5,,5,,5,,3,,4,,,,2.11454,0.57793,1.06414,1.64206,3.75660,3.33129,0.79952,0.24577,26.8,,33.3,,0,,2.30823,0.78014,0.41727,3.50564,1.87544,0.54491,0.95507,3.38332,2019-09-12,7,7,0,20,1,0,20,2018-02-20,1,0,1,0,0,0,0,2016-11-08,10,10,0,44,1,0,44,17.333,0,1,1,0,0.00,0,0,"111 BEACH DRIVE,WEST ISLIP,NY,11795",2022-01-01
335555,COLD SPRING HILLS CENTER FOR NURSING AND REHAB,378 SYOSSET WOODBURY ROAD,WOODBURY,NY,11797,5169213900,400,Nassau,For profit - Limited Liability company,606,461.8,,Medicare and Medicaid,N,COLD SPRING ACQUISITION LLC,1977-12-01,N,,N,N,N,Resident,Yes,2,,1,,5,,5,,5,,2,,2,,,,2.46612,0.74853,0.61854,1.36707,3.83319,3.46789,0.38469,0.11862,31.9,,37.2,,6,,2.04158,0.82878,0.53017,3.40053,2.47294,0.66435,0.43693,3.55902,2021-05-24,9,7,2,36,1,0,36,2020-01-14,9,5,2,32,1,0,32,2018-10-12,22,15,7,100,1,0,100,45.333,1,13,4,1,38363.00,0,1,"378 SYOSSET WOODBURY ROAD,WOODBURY,NY,11797",2022-01-01
335568,SUNRISE MANOR CTR FOR NURSING AND REHABILITATION,1325 BRENTWOOD ROAD,BAY SHORE,NY,11706,6316654960,700,Suffolk,For profit - Corporation,84,74.0,,Medicare and Medicaid,N,"SUNRISE MANOR NURSING HOME, INC.",1976-11-01,N,,N,N,N,Resident,Yes,4,,4,,3,,3,,4,,2,,2,,,,1.87821,0.71847,0.61070,1.32917,3.20739,2.67766,0.36610,0.07903,24.6,,40.0,,1,,2.30632,0.96506,0.56213,3.83351,1.66721,0.54762,0.40686,2.64162,2021-10-12,2,2,1,12,1,0,12,2019-09-20,3,3,0,12,1,0,12,2018-06-15,2,2,0,8,1,0,8,11.333,0,2,0,0,0.00,0,0,"1325 BRENTWOOD ROAD,BAY SHORE,NY,11706",2022-01-01
335596,SUFFOLK CENTER FOR REHABILITATION AND NURSING,25 SCHOENFELD BLVD,PATCHOGUE,NY,11772,6312897700,700,Suffolk,For profit - Corporation,120,104.4,,Medicare and Medicaid,N,SUFFOLK CENTER RECEIVER LLC,1977-01-01,N,,N,N,N,Resident,Yes,3,,2,,5,,5,,2,,2,,2,,,,1.44039,0.83237,0.39741,1.22978,2.67018,2.16568,0.25074,0.15839,49.4,,66.7,,0,,1.90844,0.79680,0.41610,3.12133,1.54515,0.76841,0.35769,2.70095,2020-01-10,6,6,0,24,1,0,24,2018-12-21,11,11,0,40,1,0,40,2017-07-12,5,5,0,20,1,0,20,28.667,0,0,0,0,0.00,0,0,"25 SCHOENFELD BLVD,PATCHOGUE,NY,11772",2022-01-01
335636,GOOD SAMARITAN NURSING AND REHABILITATION CARE CTR,101 ELM ST,SAYVILLE,NY,11782,6312442400,700,Suffolk,Non profit - Church related,100,73.2,,Medicare and Medicaid,N,GOOD SAMARITAN HOSPITAL MEDICAL CENTER,1980-01-17,N,,N,Y,N,Resident,Yes,4,,4,,4,,5,,2,,2,,3,,,,1.73764,0.92552,0.62272,1.54823,3.28587,2.89336,0.37493,0.20600,32.4,,20.0,,1,,2.25573,0.76474,0.37066,3.39113,1.57702,0.89021,0.62917,3.05930,2019-08-23,5,5,0,16,1,0,16,2018-03-02,2,2,0,8,1,0,8,2016-12-12,5,5,0,20,1,0,20,14.000,0,0,0,0,0.00,0,0,"101 ELM ST,SAYVILLE,NY,11782",2022-01-01
335674,THE HAMLET REHABILITATION AND HEALTHCARE CENTER AT,100 SOUTHERN BOULEVARD,NESCONSET,NY,11767,6313618800,700,Suffolk,For profit - Corporation,240,236.6,,Medicare and Medicaid,N,NESCONSET OPERATING LLC,1984-08-06,N,,N,N,N,Resident,Yes,4,,3,,5,,4,,5,,2,,2,,,,1.82095,0.76921,0.50437,1.27359,3.09454,2.55674,0.28646,0.06394,33.3,,52.9,,1,,2.12113,0.93433,0.52281,3.57826,1.75750,0.60558,0.36130,2.73048,2021-07-22,4,4,0,16,1,0,16,2019-03-20,12,12,0,44,1,0,44,2017-09-15,3,3,0,12,1,0,12,24.667,0,0,0,0,0.00,0,0,"100 SOUTHERN BOULEVARD,NESCONSET,NY,11767",2022-01-01
335681,EAST NECK NURSING & REHABILITATION CENTER,134 GREAT EAST NECK ROAD,WEST BABYLON,NY,11704,6314224800,700,Suffolk,For profit - Limited Liability company,300,227.1,,Medicare and Medicaid,N,PALJR LLC,1985-02-15,N,,N,N,N,Both,Yes,4,,3,,5,,5,,4,,2,,2,,,,1.93666,0.29831,0.70283,1.00114,2.93780,2.63591,0.59333,0.08424,43.4,,59.6,,1,,2.26377,0.85700,0.52860,3.64937,1.75141,0.25604,0.49794,2.54167,2020-01-31,4,4,0,8,1,0,8,2018-10-29,9,9,0,36,1,0,36,2017-06-01,1,1,0,4,1,0,4,16.667,0,0,0,1,650.00,0,1,"134 GREAT EAST NECK ROAD,WEST BABYLON,NY,11704",2022-01-01
335690,WHITE OAKS REHABILITATION AND NURSING CENTER,8565 JERICHO TURNPIKE,WOODBURY,NY,11797,5163673400,400,Nassau,For profit - Partnership,200,155.2,,Medicare and Medicaid,N,WHITE OAKS REHABILITATION AND NURSING CENTER,1987-10-30,N,,N,Y,N,Resident,Yes,3,,3,,4,,4,,4,,2,,2,,,,2.51117,0.85408,0.48787,1.34195,3.85312,3.69324,0.35107,0.07411,16.2,,21.7,,0,,2.03809,0.80785,0.44213,3.28807,2.52242,0.77767,0.41324,3.69988,2019-09-20,4,4,0,16,1,0,16,2018-05-25,0,0,0,0,0,0,0,2017-02-01,10,10,0,44,1,0,44,15.333,0,0,0,0,0.00,0,0,"8565 JERICHO TURNPIKE,WOODBURY,NY,11797",2022-01-01
335694,BROOKHAVEN HEALTH CARE FACILITY L L C,801 GAZZOLA BLVD,EAST PATCHOGUE,NY,11772,6314478800,700,Suffolk,For profit - Corporation,160,141.9,,Medicare and Medicaid,N,BROOKHAVEN HEALTH CARE FACILITY LLC,1988-04-27,N,,N,N,N,Resident,Yes,4,,4,,4,,4,,5,,4,,5,,,,2.33988,0.67346,1.53933,2.21279,4.55267,3.79756,0.95044,0.16717,37.1,,36.5,,0,,2.44299,0.92274,0.53658,3.90231,1.96082,0.53686,1.07437,3.68350,2021-08-30,4,4,0,16,1,0,16,2019-09-12,1,0,0,4,0,0,4,2018-03-28,2,2,0,8,1,0,8,10.667,0,0,1,2,1625.00,0,2,"801 GAZZOLA BLVD,EAST PATCHOGUE,NY,11772",2022-01-01
335696,GURWIN JEWISH NURSING AND REHABILITATION CENTER,68 HAUPPAUGE ROAD,COMMACK,NY,11725,6317152000,700,Suffolk,For profit - Corporation,460,369.2,,Medicare and Medicaid,N,THE ROSALIND AND JOSEPH GURWIN JEWISH GERIATRIC CENTER OF LONG ISLAND,1988-10-17,N,,N,Y,N,Both,Yes,5,,4,,5,,5,,5,,2,,2,,,,1.57336,0.56852,0.62487,1.19338,2.76674,2.38202,0.40453,0.03692,32.6,,34.4,,0,,2.25542,0.85201,0.55075,3.65817,1.42813,0.49082,0.42490,2.38792,2019-12-09,2,1,0,8,1,0,8,2018-08-24,5,5,0,24,1,0,24,2017-03-29,2,2,0,8,1,0,8,13.333,0,0,1,0,0.00,0,0,"68 HAUPPAUGE ROAD,COMMACK,NY,11725",2022-01-01
335739,LUXOR NURSING AND REHABILITATION AT MILLS POND,273 MORICHES ROAD,ST JAMES,NY,11780,6318628990,700,Suffolk,For profit - Limited Liability company,252,229.2,,Medicare and Medicaid,N,S&J OPERATIONAL LLC,1991-08-21,N,,N,N,N,Resident,Yes,4,,4,,5,,5,,5,,1,,1,,,,1.87717,0.68914,0.35422,1.04336,2.92053,2.50440,0.19500,0.10483,44.3,,54.5,,0,,2.29196,0.91826,0.50820,3.71842,1.67673,0.55204,0.26103,2.47982,2021-05-13,4,4,0,16,1,0,16,2019-02-15,1,1,0,4,1,0,4,2017-08-04,3,3,0,12,1,0,12,11.333,0,0,0,0,0.00,0,0,"273 MORICHES ROAD,ST JAMES,NY,11780",2022-01-01
335755,BELLHAVEN CENTER FOR REHAB AND NURSING CARE,110 BEAVER DAM ROAD,BROOKHAVEN,NY,11719,6312868100,700,Suffolk,For profit - Partnership,240,203.7,,Medicare and Medicaid,N,BELLHAVEN MANAGEMENT LLC,1991-11-15,N,,N,N,N,Resident,Yes,4,,3,,5,,5,,4,,2,,2,,,,1.95473,0.81908,0.49037,1.30945,3.26418,2.84457,0.17854,0.04224,32.4,,19.2,,1,,2.14612,0.84349,0.47971,3.46932,1.86465,0.71428,0.38283,2.97061,2021-06-21,6,5,1,28,1,0,28,2019-02-27,3,3,0,8,1,0,8,2017-08-25,2,2,0,8,1,0,8,18.000,0,2,1,6,8775.00,0,6,"110 BEAVER DAM ROAD,BROOKHAVEN,NY,11719",2022-01-01
335756,SMITHTOWN CENTER FOR REHABILITATION & NURSING CARE,391 NORTH COUNTRY ROAD,SMITHTOWN,NY,11787,6313612020,700,Suffolk,For profit - Corporation,162,157.0,,Medicare and Medicaid,N,SMITHTOWN HEALTH CARE MANAGEMENT,1992-02-26,N,,N,Y,N,Resident,Yes,4,,4,,4,,5,,2,,2,,2,,,,2.19511,0.60099,0.69984,1.30083,3.49593,3.00633,0.46480,0.07146,36.5,,43.3,,0,,2.29149,0.92214,0.53848,3.75211,1.96112,0.47939,0.48673,2.94173,2019-08-02,2,1,0,8,1,0,8,2018-02-28,4,4,0,16,1,0,16,2016-12-02,0,0,0,0,0,0,0,9.333,0,0,1,0,0.00,0,0,"391 NORTH COUNTRY ROAD,SMITHTOWN,NY,11787",2022-01-01
335758,LONG ISLAND STATE VETERANS HOME,100 PATRIOTS ROAD,STONYBROOK,NY,11790,6314448500,700,Suffolk,Government - State,350,284.4,,Medicare and Medicaid,N,STATE OF NEW YORK COMPTROLLERS OFFICE,1992-04-23,N,,Y,N,N,Both,Yes,3,,2,,4,,5,,3,,4,,5,,,,2.42978,0.56181,1.07817,1.63998,4.06976,3.53136,0.77677,0.09108,37.3,,38.3,,0,,2.18154,0.69823,0.32276,3.20253,2.28018,0.59185,1.25101,4.01228,2021-07-01,7,7,3,44,1,0,44,2019-03-08,5,3,0,20,1,0,20,2017-09-25,0,0,0,0,0,0,0,28.667,1,0,2,1,5000.00,0,1,"100 PATRIOTS ROAD,STONYBROOK,NY,11790",2022-01-01
335761,LUXOR NURSING AND REHABILITATION AT SAYVILLE,300 BROADWAY AVENUE,SAYVILLE,NY,11782,6315679300,700,Suffolk,For profit - Corporation,180,171.0,,Medicare and Medicaid,N,L&A OPERATIONAL LLC,1992-10-22,N,,N,N,N,Resident,Yes,3,,3,,5,,5,,5,,1,,1,,,,1.96196,0.79061,0.44935,1.23997,3.20193,2.75479,0.24899,0.16599,27.2,,39.1,,0,,2.28122,0.96608,0.55167,3.79897,1.76072,0.60197,0.30504,2.66110,2020-09-15,0,0,0,0,1,0,0,2018-11-20,9,8,0,40,1,0,40,2017-05-12,9,7,2,32,1,0,32,18.667,1,3,3,0,0.00,0,0,"300 BROADWAY AVENUE,SAYVILLE,NY,11782",2022-01-01
335818,HUNTINGTON HILLS CTR FOR HEALTH AND REHABILITATION,400 SOUTH SERVICE ROAD,MELVILLE,NY,11747,6314393000,700,Suffolk,For profit - Corporation,320,276.2,,Medicare and Medicaid,N,"EAST NORTHPORT RESIDENTIAL HEALTH CARE FACILITY, INC",1999-11-05,N,,N,N,N,Both,Yes,5,,4,,5,,5,,5,,2,,2,,,,2.08224,0.72027,0.53936,1.25962,3.34186,2.74745,0.23860,0.07439,25.2,,27.9,,1,,2.36910,0.82058,0.40835,3.59804,1.79934,0.64564,0.49465,2.93250,2021-10-28,4,3,0,16,1,0,16,2019-06-11,0,0,0,0,0,0,0,2018-01-03,3,1,2,28,1,0,28,12.667,3,0,1,0,0.00,0,0,"400 SOUTH SERVICE ROAD,MELVILLE,NY,11747",2022-01-01
335821,ST CATHERINE OF SIENA NRSG AND REHAB CARE CENTER,52 ROUTE 25A,SMITHTOWN,NY,11787,6318623900,700,Suffolk,Non profit - Corporation,240,147.6,,Medicare and Medicaid,N,ST CATHERINE OF SIENA MEDICAL CENTER,2000-03-01,N,,N,Y,N,Resident,Yes,5,,4,,5,,5,,4,,3,,3,,,,2.35256,1.06817,0.78754,1.85571,4.20827,3.56498,0.40161,0.39099,34.7,,60.0,,,6,2.28209,0.81132,0.41318,3.50659,2.11044,0.96844,0.71381,3.78908,2019-10-28,6,5,0,16,1,0,16,2018-06-29,1,1,0,4,1,0,4,2017-02-28,1,0,1,4,0,0,4,10.000,1,0,1,0,0.00,0,0,"52 ROUTE 25A,SMITHTOWN,NY,11787",2022-01-01
335833,JEFFERSON'S FERRY,500 MATHER DRIVE,SOUTH SETAUKET,NY,11720,6316502700,700,Suffolk,Non profit - Corporation,60,52.0,,Medicare and Medicaid,N,"ACTIVE RETIREMENT COMMUNITY, INC.",2001-11-06,N,,N,N,N,Both,Yes,5,,5,,5,,5,,4,,5,,5,,,,2.30163,0.99075,0.88161,1.87236,4.17399,3.68718,0.62448,0.14070,39.7,,35.7,,0,,2.14298,0.69755,0.29514,3.13567,2.19878,1.04475,1.11868,4.20278,2020-02-13,2,2,0,8,1,0,8,2018-11-30,1,1,0,4,1,0,4,2017-05-03,2,2,0,0,0,0,0,5.333,0,0,0,0,0.00,0,0,"500 MATHER DRIVE,SOUTH SETAUKET,NY,11720",2022-01-01
335835,ISLAND NURSING AND REHAB CENTER,5537 EXPRESSWAY DRIVE NORTH,HOLTSVILLE,NY,11742,6317583336,700,Suffolk,Non profit - Corporation,120,87.7,,Medicare and Medicaid,N,ISLAND REHABILITATION AND NURSING CENTER INC,2001-11-30,N,,N,N,N,Both,Yes,3,,3,,3,,4,,2,,3,,4,,,,1.75081,0.58263,0.89579,1.47842,3.22923,2.77349,0.63202,0.08590,48.2,,28.6,,1,,2.29647,0.78417,0.40319,3.48382,1.56079,0.54652,0.83206,2.92657,2020-01-29,4,4,0,16,1,0,16,2018-10-30,7,6,1,28,1,0,28,2017-06-29,1,1,0,4,1,0,4,18.000,0,2,0,1,650.00,0,1,"5537 EXPRESSWAY DRIVE NORTH,HOLTSVILLE,NY,11742",2022-01-01
335837,MARIA REGINA RESIDENCE INC,1725 BRENTWOOD ROAD,BRENTWOOD,NY,11717,6312734500,700,Suffolk,Non profit - Corporation,188,145.2,,Medicare and Medicaid,N,MARIA REGINA RESIDENCE INC,2002-02-26,N,,N,N,N,Resident,Yes,5,,4,,5,,5,,5,,4,,4,,,,2.33554,0.83226,0.73881,1.57107,3.90661,3.42093,0.41980,0.07068,25.6,,35.1,,0,,2.20936,0.70278,0.33378,3.24593,2.16414,0.87109,0.82894,3.79994,2021-09-13,4,4,0,16,1,0,16,2019-05-10,4,4,0,16,1,0,16,2018-03-12,1,1,0,4,1,0,4,14.000,0,0,0,0,0.00,0,0,"1725 BRENTWOOD ROAD,BRENTWOOD,NY,11717",2022-01-01
335839,AFFINITY SKILLED LIVING AND REHABILITATION CENTER,305 LOCUST AVENUE,OAKDALE,NY,11769,6312185900,700,Suffolk,For profit - Corporation,280,209.8,,Medicare and Medicaid,N,"OAKWOOD OPERATING CO, LLC",2002-09-06,N,,N,N,N,Both,Yes,3,,2,,5,,5,,5,,2,,2,,,,1.92644,0.85651,0.72273,1.57923,3.50567,3.12461,0.42130,0.02366,44.1,,49.1,,,6,2.32616,1.02989,0.64585,4.00191,1.69543,0.61173,0.41908,2.76580,2020-02-07,7,7,0,28,1,0,28,2018-11-30,6,5,0,24,1,0,24,2017-06-09,8,6,2,36,1,0,36,28.000,1,2,1,0,0.00,0,0,"305 LOCUST AVENUE,OAKDALE,NY,11769",2022-01-01
335840,MEDFORD MULTICARE CENTER FOR LIVING,3115 HORSEBLOCK ROAD,MEDFORD,NY,11763,6317303000,700,Suffolk,For profit - Corporation,320,293.4,,Medicare and Medicaid,N,NURSING CARE CENTER AT MEDFORD INC,2002-10-01,N,,N,Y,N,Resident,Yes,2,,2,,5,,5,,4,,1,,1,,,,2.19240,0.79736,0.44636,1.24372,3.43612,3.03680,0.18949,0.07568,30.2,,25.7,,1,,2.26973,0.94261,0.67589,3.88823,1.97747,0.62222,0.24732,2.79017,2019-10-28,7,6,0,32,1,0,32,2018-11-08,3,1,2,12,1,0,12,2018-05-03,7,6,1,28,1,0,28,24.667,0,2,3,0,0.00,0,0,"3115 HORSEBLOCK ROAD,MEDFORD,NY,11763",2022-01-01
335853,JOHN T MATHER MEMORIAL HOSP T C U,75 NORTH COUNTRY ROAD,PORT JEFFERSON,NY,11777,6314731320,700,Suffolk,Non profit - Corporation,16,7.7,,Medicare,N,JOHN T MATHER MEMORIAL HOSPITAL,2007-04-04,N,,N,N,N,None,Yes,5,,5,,5,,,2,5,,5,,5,,,,4.83895,0.00000,7.29232,7.29232,12.13128,9.52474,5.40755,0.36227,,6,,6,,6,2.10433,0.98174,0.53123,3.61730,4.70765,0.00000,5.14092,10.58858,2020-02-06,0,0,0,0,0,0,0,2018-08-02,0,0,0,0,0,0,0,2017-03-17,0,0,0,0,0,0,0,0.000,0,0,0,1,650.00,0,1,"75 NORTH COUNTRY ROAD,PORT JEFFERSON,NY,11777",2022-01-01
335284,CENTRAL ISLAND HEALTHCARE,825 OLD COUNTRY RD,PLAINVIEW,NY,11803,5164330600,400,Nassau,For profit - Corporation,202,140.5,,Medicare and Medicaid,N,"OZONE ACQUISITION, LLC",1969-03-31,N,,N,Y,N,Resident,Yes,4,,3,,5,,5,,5,,2,,2,,,,2.25833,0.78935,0.70641,1.49577,3.75410,3.33445,0.35696,0.14027,29.7,,36.7,,0,,2.17622,0.90686,0.52906,3.61214,2.12447,0.64026,0.50005,3.28138,2019-08-05,6,4,0,24,1,0,24,2018-02-09,5,5,0,20,1,0,20,2016-11-23,4,4,0,16,1,0,16,21.333,0,0,2,0,0.00,0,0,"825 OLD COUNTRY RD,PLAINVIEW,NY,11803",2022-01-01
335254,ACADIA CENTER FOR NURSING AND REHABILITATION,1146 WOODCREST AVENUE,RIVERHEAD,NY,11901,6317277744,700,Suffolk,For profit - Limited Liability company,181,97.8,,Medicare and Medicaid,N,"RIVERHEAD CARE CENTER, LLC",1968-03-03,Y,,N,N,N,Both,Yes,5,,4,,5,,5,,4,,2,,2,,,,1.77412,1.21479,0.53426,1.74906,3.52317,2.97670,0.34939,0.11901,60.9,,73.1,,1,,2.06910,0.80148,0.42990,3.30048,1.75537,1.11489,0.46541,3.37033,2020-02-24,2,2,0,8,1,0,8,2018-11-21,3,2,0,12,1,0,12,2017-05-24,7,5,2,32,1,0,32,13.333,2,0,1,1,650.00,0,1,"1146 WOODCREST AVENUE,RIVERHEAD,NY,11901",2022-01-01
335274,SAN SIMEON BY THE SOUND CENTER FOR NURSING & REHAB,61700 ROUTE 48 -  PO BOX 2122,GREENPORT,NY,11944,6314772110,700,Suffolk,Non profit - Corporation,120,94.2,,Medicare and Medicaid,N,SAN SIMEON BY THE SOUND CENTER FOR NURSING AND REHABILITATION INC,1968-11-01,N,,N,N,N,Resident,Yes,5,,5,,5,,5,,5,,2,,3,,,,1.55846,0.98725,0.73090,1.71815,3.27662,3.05492,0.59001,0.10196,38.0,,16.7,,,6,2.26508,0.84721,0.49360,3.60588,1.40857,0.85716,0.55455,2.86900,2020-11-17,0,0,0,0,0,0,0,2019-01-15,1,1,0,4,1,0,4,2017-10-16,3,3,0,12,1,0,12,3.333,0,0,0,0,0.00,0,0,"61700 ROUTE 48 -  PO BOX 2122,GREENPORT,NY,11944",2022-01-01
335390,SURGE REHABILITATION AND NURSING LLC,49 OAKCREST AVE,MIDDLE ISLAND,NY,11953,6319248820,700,Suffolk,For profit - Corporation,164,132.8,,Medicare and Medicaid,N,SURGE REHABILITATION AND NURSING LLC,1973-06-25,N,,N,Y,N,Resident,Yes,5,,4,,5,,4,,5,,2,,2,,,,1.89422,0.78663,0.57344,1.36006,3.25428,2.82392,0.24558,0.13349,,6,,6,,6,2.18048,0.90536,0.45865,3.54450,1.77845,0.63910,0.46823,2.89878,2019-11-25,2,2,0,8,1,0,8,2018-07-27,5,5,0,20,1,0,20,2017-03-29,4,4,0,16,1,0,16,13.333,0,0,0,0,0.00,0,0,"49 OAKCREST AVE,MIDDLE ISLAND,NY,11953",2022-01-01
335402,"OASIS REHABILITATION AND NURSING, LLC",6 FROWEIN ROAD,CENTER MORICHES,NY,11934,6318784400,700,Suffolk,For profit - Limited Liability company,100,96.9,,Medicare and Medicaid,N,"OASIS REHABILITATION AND NURSING, LLC",1973-08-06,N,,N,N,N,Resident,Yes,5,,5,,5,,4,,5,,2,,2,,,,1.84702,0.78769,0.62003,1.40771,3.25473,2.61750,0.26124,0.18927,36.5,,33.3,,1,,2.25550,0.93793,0.51645,3.70989,1.67646,0.61774,0.44961,2.76994,2020-10-14,0,0,0,0,0,0,0,2019-02-05,5,5,0,16,1,0,16,2017-07-27,0,0,0,0,0,0,0,5.333,0,0,0,0,0.00,0,0,"6 FROWEIN ROAD,CENTER MORICHES,NY,11934",2022-01-01
335688,PECONIC BAY SKILLED NURSING FACILITY,1300 ROANOKE AVENUE,RIVERHEAD,NY,11901,6315486261,700,Suffolk,Non profit - Corporation,60,53.1,,Medicare and Medicaid,Y,CENTRAL SUFFOLK HOSPITAL,1988-03-11,N,,N,N,N,Both,Yes,5,,5,,5,,5,,5,,4,,4,,,,2.58596,1.40882,1.12398,2.53280,5.11876,3.95106,0.58916,0.24515,33.0,,27.8,,1,,2.16803,0.86227,0.44685,3.47716,2.44187,1.20181,0.94200,4.64789,2021-10-22,0,0,0,0,0,0,0,2019-06-19,1,1,0,4,1,0,4,2017-12-04,2,2,0,8,1,0,8,2.667,0,0,0,1,650.00,0,1,"1300 ROANOKE AVENUE,RIVERHEAD,NY,11901",2022-01-01
335719,QUANTUM REHABILITATION AND NURSING L L C,63 OAKCREST AVENUE,MIDDLE ISLAND,NY,11953,6319248830,700,Suffolk,For profit - Limited Liability company,120,101.3,,Medicare and Medicaid,N,QUANTUM REHABILITATION AND NURSING LLC,1992-04-24,N,,N,N,N,Resident,Yes,2,,1,,5,,5,,5,,2,,3,,,,1.62903,0.82827,0.78351,1.61178,3.24081,2.41604,0.34606,0.17543,,6,,6,,6,2.03790,0.88172,0.44759,3.36720,1.63649,0.69098,0.65558,3.03879,2021-04-22,4,3,1,32,1,0,32,2019-04-10,12,6,4,52,1,0,52,2017-10-25,6,5,1,44,1,0,44,40.667,2,4,4,4,59323.26,0,4,"63 OAKCREST AVENUE,MIDDLE ISLAND,NY,11953",2022-01-01
335782,WESTHAMPTON CARE CENTER,78 OLD COUNTRY ROAD,WESTHAMPTON,NY,11977,6312880101,700,Suffolk,For profit - Partnership,180,148.5,,Medicare and Medicaid,N,HAMPTON NH OPERATING LLC,1995-03-23,N,,N,Y,N,Resident,Yes,5,,4,,5,,5,,5,,2,,2,,,,2.00669,0.87712,0.55281,1.42993,3.43662,2.87067,0.27365,0.08016,44.2,,40.7,,0,,2.30566,0.89237,0.51036,3.70840,1.78177,0.72300,0.40565,2.92591,2019-09-04,1,1,0,4,1,0,4,2018-04-20,5,5,0,20,1,0,20,2017-01-10,4,4,0,20,1,0,20,12.000,0,0,0,0,0.00,0,0,"78 OLD COUNTRY ROAD,WESTHAMPTON,NY,11977",2022-01-01
335842,PECONIC LANDING AT SOUTHOLD,1500 BRECKNOCK ROAD,GREENPORT,NY,11944,6314773800,700,Suffolk,Non profit - Corporation,66,48.5,,Medicare and Medicaid,N,PECONIC LANDING AT SOUTHOLD INC,2003-03-24,Y,,N,N,N,Resident,Yes,5,,5,,5,,5,,5,,1,12,1,12,,,2.29850,0.91286,1.25524,2.16809,4.46660,4.28101,0.98484,0.21831,27.1,,38.9,,0,,2.14067,0.66134,0.30799,3.11001,2.19817,1.01532,1.52629,4.53452,2021-11-08,0,0,0,0,0,0,0,2019-09-27,1,1,0,4,1,0,4,2018-03-20,0,0,0,0,0,0,0,1.333,0,0,0,0,0.00,0,0,"1500 BRECKNOCK ROAD,GREENPORT,NY,11944",2022-01-01
335850,THE HAMPTONS CENTER FOR REHABILITATION AND NURSING,64 COUNTY ROAD 39,SOUTH HAMPTON,NY,11968,6317021000,700,Suffolk,For profit - Limited Liability company,280,180.4,,Medicare and Medicaid,N,NORTH SEA ASSOCIATES LLC,2006-08-23,N,,N,N,N,Resident,Yes,5,,5,,3,,4,,2,,2,,2,,,,1.96729,0.76763,0.53011,1.29774,3.26504,2.96877,0.31551,0.11456,35.1,,30.8,,1,,2.09366,0.85094,0.45885,3.40344,1.92366,0.66356,0.43267,3.02891,2020-03-11,1,1,0,4,1,0,4,2018-12-12,2,2,0,4,1,0,4,2017-06-02,2,2,0,8,1,0,8,4.667,0,0,0,0,0.00,0,0,"64 COUNTY ROAD 39,SOUTH HAMPTON,NY,11968",2022-01-01
